"","A","R","N","D","C","Q","E","G","H","I","L","K","M","F","P","S","T","W","Y","V"
"ARGP820101",0.61,0.6,0.06,0.46,1.07,0,0.47,0.07,0.61,2.22,1.53,1.15,1.18,2.02,1.95,0.05,0.05,2.65,1.88,1.32
"CHAM820102",-0.368,-1.03,0,2.06,4.53,0.731,1.77,-0.525,0,0.791,1.07,0,0.656,1.06,-2.24,-0.524,0,1.6,4.91,0.401
"CHAM830105",0,1,0,0,0,1,1,0,1,0,0,1,1,1,0,0,0,1.5,1,0
"CHAM830106",0,5,2,2,1,3,3,0,3,2,2,4,3,4,0,1,1,5,5,1
"CHAM830107",0,0,1,1,0,0,1,1,0,0,0,0,0,0,0,0,0,0,0,0
"CHAM830108",0,1,1,0,1,1,0,0,1,0,0,1,1,1,0,0,0,1,1,0
"CHOP780204",1.29,0.44,0.81,2.02,0.66,1.22,2.44,0.76,0.73,0.67,0.58,0.66,0.71,0.61,2.01,0.74,1.08,1.47,0.68,0.61
"EISD860102",0,10,1.3,1.9,0.17,1.9,3,0,0.99,1.2,1,5.7,1.9,1.1,0.18,0.73,1.5,1.6,1.8,0.48
"EISD860103",0,-0.96,-0.86,-0.98,0.76,-1,-0.89,0,-0.75,0.99,0.89,-0.99,0.94,0.92,0.22,-0.67,0.09,0.67,-0.93,0.84
"FASG760101",89.09,174.2,132.12,133.1,121.15,146.15,147.13,75.07,155.16,131.17,131.17,146.19,149.21,165.19,115.13,105.09,119.12,204.24,181.19,117.15
"FAUJ830101",0.31,-1.01,-0.6,-0.77,1.54,-0.22,-0.64,0,0.13,1.8,1.7,-0.99,1.23,1.79,0.72,-0.04,0.26,2.25,0.96,1.22
"FAUJ880108",-0.01,0.04,0.06,0.15,0.12,0.05,0.07,0,0.08,-0.01,-0.01,0,0.04,0.03,0,0.11,0.04,0,0.03,0.01
"FAUJ880109",0,4,2,1,0,2,1,0,1,0,0,2,0,0,0,1,1,1,1,0
"FAUJ880110",0,3,3,4,0,3,4,0,1,0,0,1,0,0,0,2,2,0,2,0
"FAUJ880111",0,1,0,0,0,0,0,0,1,0,0,1,0,0,0,0,0,0,0,0
"FAUJ880112",0,0,0,1,0,0,1,0,0,0,0,0,0,0,0,0,0,0,0,0
"GARJ730101",0.28,0.1,0.25,0.21,0.28,0.35,0.33,0.17,0.21,0.82,1,0.09,0.74,2.18,0.39,0.12,0.21,5.7,1.26,0.6
"GOLD730101",0.75,0.75,0.69,0,1,0.59,0,0,0,2.95,2.4,1.5,1.3,2.65,2.6,0,0.45,3,2.85,1.7
"GRAR740101",0,0.65,1.33,1.38,2.75,0.89,0.92,0.74,0.58,0,0,0.33,0,0,0.39,1.42,0.71,0.13,0.2,0
"GRAR740103",31,124,56,54,55,85,83,3,96,111,111,119,105,132,32.5,32,61,170,136,84
"JOND750101",0.87,0.85,0.09,0.66,1.52,0,0.67,0.1,0.87,3.15,2.17,1.64,1.67,2.87,2.77,0.07,0.07,3.77,2.67,1.87
"KLEP840101",0,1,0,-1,0,0,-1,0,0,0,0,1,0,0,0,0,0,0,0,0
"KRIW790103",27.5,105,58.7,40,44.6,80.7,62,0,79,93.5,93.5,100,94.1,115.5,41.9,29.3,51.3,145.5,117.3,71.5
"LAWE840101",-0.48,-0.06,-0.87,-0.75,-0.32,-0.32,-0.71,0,-0.51,0.81,1.02,-0.09,0.81,1.03,2.03,0.05,-0.35,0.66,1.24,0.56
"LEVM760107",0.025,0.2,0.1,0.1,0.1,0.1,0.1,0.025,0.1,0.19,0.19,0.2,0.19,0.39,0.17,0.025,0.1,0.56,0.39,0.15
"NOZY710101",0.5,0,0,0,0,0,0,0,0.5,1.8,1.8,0,1.3,2.5,0,0,0.4,3.4,2.3,1.5
"OOBM850102",1.34,0.95,2.49,3.32,1.07,1.49,2.2,2.07,1.27,0.66,0.54,0.61,0.7,0.8,2.12,0.94,1.09,-4.65,-0.17,1.32
"PALJ810113",0.69,0,1.52,2.42,0,1.44,0.63,2.64,0.22,0.43,0,1.18,0.88,2.2,1.34,1.43,0.28,0,1.53,0.14
"RADA880102",0.52,-1.32,-0.01,0,0,-0.07,-0.79,0,0.95,2.04,1.76,0.08,1.32,2.09,0,0.04,0.27,2.51,1.63,1.18
"RICJ880106",1,0.4,0.7,2.2,0.6,1.5,3.3,0.6,0.7,0.4,0.6,0.8,1,0.6,0.4,0.4,1,1.4,1.2,1.1
"RICJ880107",1.1,1.5,0,0.3,1.1,1.3,0.5,0.4,1.5,1.1,2.6,0.8,1.7,1.9,0.1,0.4,0.5,3.1,0.6,1.5
"RICJ880108",1.4,1.2,1.2,0.6,1.6,1.4,0.9,0.6,0.9,0.9,1.1,1.9,1.7,1,0.3,1.1,0.6,1.4,0.2,0.8
"ROBB790101",-1,0.3,-0.7,-1.2,2.1,-0.1,-0.7,0.3,1.1,4,2,-0.9,1.8,2.8,0.4,-1.2,-0.5,3,2.1,1.4
"ROSM880101",-0.67,12.1,7.23,8.72,-0.34,6.39,7.35,0,3.82,-3.02,-3.02,6.13,-1.3,-3.24,-1.75,4.35,3.86,-2.86,0.98,-2.18
"ROSM880103",0.4,0.3,0.9,0.8,0.5,0.7,1.3,0,1,0.4,0.6,0.4,0.3,0.7,0.9,0.4,0.4,0.6,1.2,0.4
"SIMZ760101",0.73,0.73,-0.01,0.54,0.7,-0.1,0.55,0,1.1,2.97,2.49,1.5,1.3,2.65,2.6,0.04,0.44,3,2.97,1.69
"VELV850101",0.03731,0.09593,0.00359,0.1263,0.08292,0.07606,0.0058,0.00499,0.02415,0,0,0.0371,0.08226,0.0946,0.01979,0.08292,0.09408,0.05481,0.05159,0.00569
"ZIMJ680103",0,52,3.38,49.7,1.48,3.53,49.9,0,51.6,0.13,0.13,49.5,1.43,0.35,1.58,1.67,1.66,2.1,1.61,0.13
"TAKK010101",9.8,7.3,3.6,4.9,3,2.4,4.4,0,11.9,17.2,17,10.5,11.9,23,15,2.6,6.9,24.2,17.2,15.3
"MITS020101",0,2.45,0,0,0,1.25,1.27,0,1.45,0,0,3.67,0,0,0,0,0,6.93,5.06,0
"COSI940101",0.0373,0.0959,0.0036,0.1263,0.0829,0.0761,0.0058,0.005,0.0242,0,0,0.0371,0.0823,0.0946,0.0198,0.0829,0.0941,0.0548,0.0516,0.0057
"PONP930101",0.85,0.2,-0.48,-1.1,2.1,-0.42,-0.79,0,0.22,3.14,1.99,-1.19,1.42,1.69,-1.14,-0.52,-0.08,1.76,1.37,2.53
"WILM950102",2.62,1.26,-1.27,-2.84,0.73,-1.69,-0.45,-1.15,-0.74,4.38,6.57,-2.78,-3.12,9.14,-0.12,-1.39,1.81,5.91,1.39,2.3
"WILM950104",-2.34,1.6,2.81,-0.48,5.03,0.16,1.3,-1.06,-3,7.26,1.09,1.56,0.62,2.57,-0.15,1.93,0.19,3.59,-2.58,2.06
"BASU050101",0.1366,0.0363,-0.0345,-0.1233,0.2745,0.0325,-0.0484,-0.0464,0.0549,0.4172,0.4251,-0.0101,0.1747,0.4076,0.0019,-0.0433,0.0589,0.2362,0.3167,0.4084
